{"cameraMode":{"drawMode":0,"name":"Shaded","section":"Shading Mode"},"sceneLighting":false,"audioPlay":false,"sceneViewState":{"showFog":true,"showMaterialUpdate":false,"showSkybox":false,"showFlares":true,"showImageEffects":true,"showParticleSystems":true},"in2DMode":false,"pivot":{"x":-0.06444007158279419,"y":1.5510977506637574,"z":0.6499127745628357},"rotation":{"x":0.5182629227638245,"y":-0.4816526174545288,"z":0.5062674283981323,"w":0.49306413531303408},"size":0.8573652505874634,"orthographic":false}